RespondentId,Course,Course Difficulty Text,Exam Difficulty Text,Exam Alignment Text,Enrol Again Text,Exam Session,Course Difficulty,Exam Difficulty,Exam Alignment,Enrol Again Numeric
"{""ImportId"":""_recordId""}",Advanced Microeconomics,"{""ImportId"":""QID6_1""}","{""ImportId"":""QID6_2""}","{""ImportId"":""QID33_1""}","{""ImportId"":""QID7""}","{""ImportId"":""QID8""}",,,,0.0
"{""ImportId"":""_recordId""}",Microeconometrics,"{""ImportId"":""QID9_1""}","{""ImportId"":""QID9_2""}","{""ImportId"":""QID34_1""}","{""ImportId"":""QID10""}","{""ImportId"":""QID11""}",,,,0.0
"{""ImportId"":""_recordId""}",Advanced Macroeconomics,"{""ImportId"":""QID18_1""}","{""ImportId"":""QID18_2""}","{""ImportId"":""QID35_1""}","{""ImportId"":""QID19""}","{""ImportId"":""QID20""}",,,,0.0
"{""ImportId"":""_recordId""}",Macroeconometrics,"{""ImportId"":""QID21_1""}","{""ImportId"":""QID21_2""}","{""ImportId"":""QID36_1""}","{""ImportId"":""QID22""}","{""ImportId"":""QID23""}",,,,0.0
"{""ImportId"":""_recordId""}",Development Economics,"{""ImportId"":""QID12_1""}","{""ImportId"":""QID12_2""}","{""ImportId"":""QID37_1""}","{""ImportId"":""QID13""}","{""ImportId"":""QID14""}",,,,0.0
"{""ImportId"":""_recordId""}",Game Theory: Analysis of Strategic Thinking,"{""ImportId"":""QID24_1""}","{""ImportId"":""QID24_2""}","{""ImportId"":""QID38_1""}","{""ImportId"":""QID25""}","{""ImportId"":""QID26""}",,,,0.0
"{""ImportId"":""_recordId""}",International Trade and Globalization,"{""ImportId"":""QID27_1""}","{""ImportId"":""QID27_2""}","{""ImportId"":""QID39_1""}","{""ImportId"":""QID28""}","{""ImportId"":""QID29""}",,,,0.0
"{""ImportId"":""_recordId""}",Labour Economics,"{""ImportId"":""QID30_1""}","{""ImportId"":""QID30_2""}","{""ImportId"":""QID40_1""}","{""ImportId"":""QID31""}","{""ImportId"":""QID32""}",,,,0.0
"{""ImportId"":""_recordId""}",Innovation and Economic Growth,"{""ImportId"":""QID42_1""}","{""ImportId"":""QID42_2""}","{""ImportId"":""QID41_1""}","{""ImportId"":""QID43""}","{""ImportId"":""QID44""}",,,,0.0
"{""ImportId"":""_recordId""}",International Macroeconomics and Finance,"{""ImportId"":""QID45_1""}","{""ImportId"":""QID45_2""}","{""ImportId"":""QID46_1""}","{""ImportId"":""QID47""}","{""ImportId"":""QID48""}",,,,0.0
"{""ImportId"":""_recordId""}",Empirical Industrial Organization and Market Design,"{""ImportId"":""QID49_1""}","{""ImportId"":""QID49_2""}","{""ImportId"":""QID50_1""}","{""ImportId"":""QID51""}","{""ImportId"":""QID52""}",,,,0.0
"{""ImportId"":""_recordId""}",Monetary Policy,"{""ImportId"":""QID56_1""}","{""ImportId"":""QID56_2""}","{""ImportId"":""QID57_1""}","{""ImportId"":""QID58""}","{""ImportId"":""QID59""}",,,,0.0
"{""ImportId"":""_recordId""}",Political Economics - Advanced,"{""ImportId"":""QID60_1""}","{""ImportId"":""QID60_2""}","{""ImportId"":""QID53_1""}","{""ImportId"":""QID54""}","{""ImportId"":""QID55""}",,,,0.0
"{""ImportId"":""_recordId""}",Public Economics,"{""ImportId"":""QID130_1""}","{""ImportId"":""QID130_2""}","{""ImportId"":""QID61_1""}","{""ImportId"":""QID62""}","{""ImportId"":""QID63""}",,,,0.0
"{""ImportId"":""_recordId""}",Economic Analysis of Crime,"{""ImportId"":""QID64_1""}","{""ImportId"":""QID64_2""}","{""ImportId"":""QID65_1""}","{""ImportId"":""QID66""}","{""ImportId"":""QID67""}",,,,0.0
"{""ImportId"":""_recordId""}",Economics of European Integration,"{""ImportId"":""QID68_1""}","{""ImportId"":""QID68_2""}","{""ImportId"":""QID69_1""}","{""ImportId"":""QID70""}","{""ImportId"":""QID71""}",,,,0.0
"{""ImportId"":""_recordId""}",Energy Policy and Sustainability,"{""ImportId"":""QID72_1""}","{""ImportId"":""QID72_2""}","{""ImportId"":""QID73_1""}","{""ImportId"":""QID74""}","{""ImportId"":""QID75""}",,,,0.0
"{""ImportId"":""_recordId""}",Economics of Digital Markets,"{""ImportId"":""QID76_1""}","{""ImportId"":""QID76_2""}","{""ImportId"":""QID77_1""}","{""ImportId"":""QID78""}","{""ImportId"":""QID79""}",,,,0.0
"{""ImportId"":""_recordId""}",Monetary Policy and Financial Regulation,"{""ImportId"":""QID80_1""}","{""ImportId"":""QID80_2""}","{""ImportId"":""QID81_1""}","{""ImportId"":""QID82""}","{""ImportId"":""QID83""}",,,,0.0
"{""ImportId"":""_recordId""}",Principles of Finance,"{""ImportId"":""QID84_1""}","{""ImportId"":""QID84_2""}","{""ImportId"":""QID85_1""}","{""ImportId"":""QID86""}","{""ImportId"":""QID87""}",,,,0.0
"{""ImportId"":""_recordId""}",Welfare and Politics,"{""ImportId"":""QID88_1""}","{""ImportId"":""QID88_2""}","{""ImportId"":""QID89_1""}","{""ImportId"":""QID90""}","{""ImportId"":""QID91""}",,,,0.0
"{""ImportId"":""_recordId""}","Taxation, Inequality and Growth","{""ImportId"":""QID135_1""}","{""ImportId"":""QID135_2""}","{""ImportId"":""QID134_1""}","{""ImportId"":""QID133""}","{""ImportId"":""QID132""}",,,,0.0
"{""ImportId"":""_recordId""}","Globalization, Divergence, and Inequality in Historical Perspective","{""ImportId"":""QID92_1""}","{""ImportId"":""QID92_2""}","{""ImportId"":""QID93_1""}","{""ImportId"":""QID94""}","{""ImportId"":""QID95""}",,,,0.0
"{""ImportId"":""_recordId""}","History, Institutions and Crises of the Financial Global System","{""ImportId"":""QID96_1""}","{""ImportId"":""QID96_2""}","{""ImportId"":""QID97_1""}","{""ImportId"":""QID98""}","{""ImportId"":""QID99""}",,,,0.0
"{""ImportId"":""_recordId""}",Time Series Analysis of Economic and Financial Data,"{""ImportId"":""QID100_1""}","{""ImportId"":""QID100_2""}","{""ImportId"":""QID101_1""}","{""ImportId"":""QID102""}","{""ImportId"":""QID103""}",,,,0.0
"{""ImportId"":""_recordId""}",Comparative Politics: Institutions and Institutional Development,"{""ImportId"":""QID104_1""}","{""ImportId"":""QID104_2""}","{""ImportId"":""QID105_1""}","{""ImportId"":""QID106""}","{""ImportId"":""QID107""}",,,,0.0
"{""ImportId"":""_recordId""}",Population Dynamics and Economics,"{""ImportId"":""QID108_1""}","{""ImportId"":""QID108_2""}","{""ImportId"":""QID109_1""}","{""ImportId"":""QID110""}","{""ImportId"":""QID111""}",,,,0.0
"{""ImportId"":""_recordId""}",Bayesian Statistical Methods,"{""ImportId"":""QID112_1""}","{""ImportId"":""QID112_2""}","{""ImportId"":""QID113_1""}","{""ImportId"":""QID114""}","{""ImportId"":""QID115""}",,,,0.0
"{""ImportId"":""_recordId""}",Decision Theory and Human Behavior,"{""ImportId"":""QID116_1""}","{""ImportId"":""QID116_2""}","{""ImportId"":""QID117_1""}","{""ImportId"":""QID118""}","{""ImportId"":""QID119""}",,,,0.0
"{""ImportId"":""_recordId""}",Foundation of Social Sciences - Module II A,"{""ImportId"":""QID120_1""}","{""ImportId"":""QID120_2""}","{""ImportId"":""QID121_1""}",,"{""ImportId"":""QID123""}",,,,
"{""ImportId"":""_recordId""}",Foundation of Social Sciences - Module II B,"{""ImportId"":""QID124_1""}","{""ImportId"":""QID124_2""}","{""ImportId"":""QID125_1""}",,"{""ImportId"":""QID127""}",,,,
R_2Uby8w29FHmnnoN,Advanced Microeconomics,Difficult,Somewhat difficult,,"No, but I would enrol in the second year",In the regular session in May/June,5.0,4.0,,0.0
R_2pYgmWKvuuhnxrP,Advanced Microeconomics,Somewhat difficult,Neither easy nor difficult,,"Yes, I would enrol again",In the regular session in May/June,4.0,3.0,,1.0
R_8hR1FMyoeDEWzA7,Advanced Microeconomics,Difficult,Difficult,Strongly disagree,"No, I would not enrol in the course at all",In the regular session in May/June,5.0,5.0,5.0,0.0
R_8hR1FMyoeDEWzA7,Development Economics,Neither easy nor difficult,Neither easy nor difficult,Strongly agree,"Yes, I would enrol again",In the regular session in May/June,3.0,3.0,1.0,1.0
R_8hR1FMyoeDEWzA7,Labour Economics,Somewhat difficult,Somewhat difficult,Somewhat disagree,"No, I would not enrol in the course at all",In the regular session in May/June,4.0,4.0,4.0,0.0
R_8hR1FMyoeDEWzA7,Population Dynamics and Economics,Neither easy nor difficult,Neither easy nor difficult,Neither agree nor disagree,"Yes, I would enrol again",,3.0,3.0,3.0,1.0
R_8hR1FMyoeDEWzA7,Foundation of Social Sciences - Module II B,Somewhat easy,Neither easy nor difficult,Somewhat agree,,In the regular session in May/June,2.0,3.0,2.0,
R_2npdO48sRECWsWt,Microeconometrics,Somewhat difficult,Difficult,Somewhat disagree,"Yes, I would enrol again",In the regular session in May/June,4.0,5.0,4.0,1.0
R_2npdO48sRECWsWt,"Globalization, Divergence, and Inequality in Historical Perspective",Easy,Easy,Strongly agree,"Yes, I would enrol again",In the regular session in May/June,1.0,1.0,1.0,1.0
R_2npdO48sRECWsWt,Foundation of Social Sciences - Module II B,Somewhat easy,Somewhat easy,Somewhat agree,,In the regular session in May/June,2.0,2.0,2.0,
R_8CWcNhkDvvC85Sb,Microeconometrics,Difficult,Difficult,Strongly disagree,"No, I would not enrol in the course at all",In the regular session in May/June,5.0,5.0,5.0,0.0
R_8CWcNhkDvvC85Sb,International Macroeconomics and Finance,Neither easy nor difficult,Neither easy nor difficult,Neither agree nor disagree,"Yes, I would enrol again",In the regular session in May/June,3.0,3.0,3.0,1.0
R_8CWcNhkDvvC85Sb,Monetary Policy,Difficult,Somewhat difficult,Strongly disagree,"Yes, I would enrol again",In the regular session in May/June,5.0,4.0,5.0,1.0
R_8CWcNhkDvvC85Sb,Time Series Analysis of Economic and Financial Data,Neither easy nor difficult,Neither easy nor difficult,Strongly agree,"Yes, I would enrol again",In the regular session in May/June,3.0,3.0,1.0,1.0
R_8CWcNhkDvvC85Sb,Population Dynamics and Economics,Somewhat difficult,Somewhat difficult,Neither agree nor disagree,"No, I would not enrol in the course at all",,4.0,4.0,3.0,0.0
R_8CWcNhkDvvC85Sb,Bayesian Statistical Methods,Somewhat difficult,Somewhat difficult,Somewhat agree,"Yes, I would enrol again",,4.0,4.0,2.0,1.0
R_8CWcNhkDvvC85Sb,Foundation of Social Sciences - Module II A,Difficult,Difficult,Strongly disagree,,,5.0,5.0,5.0,
R_8Du1nnZmWEgi7pK,Microeconometrics,Somewhat difficult,Somewhat difficult,Neither agree nor disagree,"Yes, I would enrol again",In the regular session in May/June,4.0,4.0,3.0,1.0
R_8Du1nnZmWEgi7pK,Public Economics,Somewhat easy,Somewhat easy,Somewhat agree,"Yes, I would enrol again",In the regular session in May/June,2.0,2.0,2.0,1.0
R_8Du1nnZmWEgi7pK,Economic Analysis of Crime,Somewhat easy,Neither easy nor difficult,Somewhat agree,"Yes, I would enrol again",In the regular session in May/June,2.0,3.0,2.0,1.0
R_8Du1nnZmWEgi7pK,"History, Institutions and Crises of the Financial Global System",Somewhat easy,Somewhat easy,Strongly agree,"Yes, I would enrol again",In the regular session in May/June,2.0,2.0,1.0,1.0
R_8Du1nnZmWEgi7pK,Foundation of Social Sciences - Module II B,Somewhat difficult,Somewhat difficult,Somewhat disagree,,In the regular session in May/June,4.0,4.0,4.0,
R_8p4tBPOSPmYYj5L,Monetary Policy and Financial Regulation,Neither easy nor difficult,Neither easy nor difficult,Strongly agree,"Yes, I would enrol again",In the regular session in May/June,3.0,3.0,1.0,1.0
R_8p4tBPOSPmYYj5L,Principles of Finance,Neither easy nor difficult,Difficult,Strongly disagree,"No, I would not enrol in the course at all",In the regular session in May/June,3.0,5.0,5.0,0.0
R_8p4tBPOSPmYYj5L,Foundation of Social Sciences - Module II A,Somewhat easy,Somewhat difficult,Somewhat disagree,,In the regular session in May/June,2.0,4.0,4.0,
R_2MPyS0juP4B8npz,Advanced Microeconomics,Difficult,Difficult,Somewhat disagree,"Yes, I would enrol again",In August,5.0,5.0,4.0,1.0
R_2MPyS0juP4B8npz,International Trade and Globalization,Somewhat difficult,Somewhat difficult,Strongly agree,"Yes, I would enrol again",In August,4.0,4.0,1.0,1.0
R_2MPyS0juP4B8npz,Time Series Analysis of Economic and Financial Data,Neither easy nor difficult,Somewhat difficult,Strongly disagree,"No, I would not enrol in the course at all",In the regular session in May/June,3.0,4.0,5.0,0.0
R_2MPyS0juP4B8npz,Foundation of Social Sciences - Module II A,Easy,Easy,Strongly agree,,In the regular session in May/June,1.0,1.0,1.0,
R_8NmpCvWmuYOQQTO,Advanced Microeconomics,Difficult,Difficult,Somewhat disagree,"No, I would not enrol in the course at all",In August,5.0,5.0,4.0,0.0
R_8NmpCvWmuYOQQTO,Advanced Macroeconomics,Somewhat difficult,Neither easy nor difficult,Strongly agree,"Yes, I would enrol again",,4.0,3.0,1.0,1.0
R_8NmpCvWmuYOQQTO,Empirical Industrial Organization and Market Design,Somewhat difficult,Somewhat difficult,,"Yes, I would enrol again",,4.0,4.0,,1.0
R_8NmpCvWmuYOQQTO,Monetary Policy,Somewhat easy,Neither easy nor difficult,,"No, I would not enrol in the course at all",,2.0,3.0,,0.0
R_8NmpCvWmuYOQQTO,Principles of Finance,Somewhat difficult,Somewhat difficult,Strongly agree,"Yes, I would enrol again",In August,4.0,4.0,1.0,1.0
R_8NmpCvWmuYOQQTO,Bayesian Statistical Methods,Somewhat difficult,Somewhat difficult,Somewhat agree,"Yes, I would enrol again",,4.0,4.0,2.0,1.0
R_8NmpCvWmuYOQQTO,Foundation of Social Sciences - Module II A,Neither easy nor difficult,Neither easy nor difficult,Somewhat agree,,In the regular session in May/June,3.0,3.0,2.0,
R_25VIDSiu2ijc9qh,Advanced Microeconomics,Difficult,Difficult,Neither agree nor disagree,"No, I would not enrol in the course at all",In the regular session in May/June,5.0,5.0,3.0,0.0
R_25VIDSiu2ijc9qh,Energy Policy and Sustainability,Easy,Somewhat easy,Strongly agree,"Yes, I would enrol again",In the regular session in May/June,1.0,2.0,1.0,1.0
R_25VIDSiu2ijc9qh,Foundation of Social Sciences - Module II A,Somewhat easy,Neither easy nor difficult,Somewhat agree,,In the regular session in May/June,2.0,3.0,2.0,
R_29tcaNZCPEe9LLs,Microeconometrics,Difficult,,Strongly disagree,"Yes, I would enrol again",In the regular session in May/June,5.0,,5.0,1.0
R_29tcaNZCPEe9LLs,Time Series Analysis of Economic and Financial Data,Neither easy nor difficult,Neither easy nor difficult,Strongly agree,"Yes, I would enrol again",In the regular session in May/June,3.0,3.0,1.0,1.0
R_29tcaNZCPEe9LLs,Foundation of Social Sciences - Module II A,Somewhat difficult,Somewhat difficult,Somewhat disagree,,In the regular session in May/June,4.0,4.0,4.0,
R_2c0poVDtgLHKQ0A,Advanced Microeconomics,Difficult,Difficult,Strongly disagree,"No, but I would enrol in the second year",In the regular session in May/June,5.0,5.0,5.0,0.0
R_2c0poVDtgLHKQ0A,International Trade and Globalization,Somewhat difficult,Somewhat difficult,Somewhat agree,"Yes, I would enrol again",In the regular session in May/June,4.0,4.0,2.0,1.0
R_2c0poVDtgLHKQ0A,Economics of European Integration,Neither easy nor difficult,Neither easy nor difficult,Strongly agree,"Yes, I would enrol again",In the regular session in May/June,3.0,3.0,1.0,1.0
R_2c0poVDtgLHKQ0A,Foundation of Social Sciences - Module II A,Somewhat difficult,Somewhat difficult,Somewhat agree,,In the regular session in May/June,4.0,4.0,2.0,
R_8Ybl8IobEyvhq25,Microeconometrics,Difficult,Difficult,Somewhat disagree,"Yes, I would enrol again",In August,5.0,5.0,4.0,1.0
R_8Ybl8IobEyvhq25,Development Economics,Easy,Somewhat difficult,Neither agree nor disagree,"No, I would not enrol in the course at all",In the regular session in May/June,1.0,4.0,3.0,0.0
R_8Ybl8IobEyvhq25,Political Economics - Advanced,Difficult,Difficult,Somewhat disagree,"No, but I would enrol in the second year",,5.0,5.0,4.0,0.0
R_8Ybl8IobEyvhq25,Public Economics,Somewhat easy,Neither easy nor difficult,Neither agree nor disagree,"No, but I would enrol in the second year",In the regular session in May/June,2.0,3.0,3.0,0.0
R_8Ybl8IobEyvhq25,Economics of European Integration,Somewhat easy,Easy,Somewhat agree,"Yes, I would enrol again",In the regular session in May/June,2.0,1.0,2.0,1.0
R_8Ybl8IobEyvhq25,Foundation of Social Sciences - Module II A,Somewhat easy,Somewhat difficult,Somewhat agree,,In the regular session in May/June,2.0,4.0,2.0,
R_8Kp8V9eEM0ZaDii,Microeconometrics,Somewhat difficult,Somewhat difficult,Somewhat agree,"Yes, I would enrol again",In the regular session in May/June,4.0,4.0,2.0,1.0
R_8Kp8V9eEM0ZaDii,Public Economics,Neither easy nor difficult,Neither easy nor difficult,Neither agree nor disagree,"Yes, I would enrol again",,3.0,3.0,3.0,1.0
R_8Kp8V9eEM0ZaDii,Time Series Analysis of Economic and Financial Data,Neither easy nor difficult,Somewhat difficult,Strongly agree,"Yes, I would enrol again",Later,3.0,4.0,1.0,1.0
R_8Kp8V9eEM0ZaDii,Bayesian Statistical Methods,Somewhat difficult,Neither easy nor difficult,Neither agree nor disagree,"Yes, I would enrol again",,4.0,3.0,3.0,1.0
R_8Kp8V9eEM0ZaDii,Foundation of Social Sciences - Module II A,Neither easy nor difficult,Neither easy nor difficult,Neither agree nor disagree,,,3.0,3.0,3.0,
R_2Utx2T8Sye4mkwN,Advanced Microeconomics,Somewhat difficult,Neither easy nor difficult,Strongly agree,"Yes, I would enrol again",In the regular session in May/June,4.0,3.0,1.0,1.0
R_2Utx2T8Sye4mkwN,Microeconometrics,Somewhat difficult,Somewhat difficult,Somewhat agree,"Yes, I would enrol again",In the regular session in May/June,4.0,4.0,2.0,1.0
R_2Utx2T8Sye4mkwN,Labour Economics,Somewhat difficult,Neither easy nor difficult,Neither agree nor disagree,"No, I would not enrol in the course at all",,4.0,3.0,3.0,0.0
R_2Utx2T8Sye4mkwN,Foundation of Social Sciences - Module II A,Somewhat easy,Neither easy nor difficult,Neither agree nor disagree,,,2.0,3.0,3.0,
R_2cIu6CkGpj0d7B7,Advanced Microeconomics,Difficult,Difficult,Somewhat disagree,"Yes, I would enrol again",In the regular session in May/June,5.0,5.0,4.0,1.0
R_2cIu6CkGpj0d7B7,Labour Economics,Neither easy nor difficult,Somewhat difficult,Strongly disagree,"No, I would not enrol in the course at all",In the regular session in May/June,3.0,4.0,5.0,0.0
R_2cIu6CkGpj0d7B7,Economic Analysis of Crime,Somewhat easy,Somewhat easy,Strongly agree,"Yes, I would enrol again",In the regular session in May/June,2.0,2.0,1.0,1.0
R_2cIu6CkGpj0d7B7,Foundation of Social Sciences - Module II B,Neither easy nor difficult,,,,,3.0,,,
R_22qnOP3tCe7YzSx,Development Economics,Neither easy nor difficult,Neither easy nor difficult,Strongly agree,"Yes, I would enrol again",Later,3.0,3.0,1.0,1.0
R_22qnOP3tCe7YzSx,Economics of European Integration,Neither easy nor difficult,Neither easy nor difficult,Somewhat agree,"Yes, I would enrol again",In the regular session in May/June,3.0,3.0,2.0,1.0
R_22qnOP3tCe7YzSx,Energy Policy and Sustainability,Somewhat easy,Neither easy nor difficult,Neither agree nor disagree,"Yes, I would enrol again",In the regular session in May/June,2.0,3.0,3.0,1.0
R_22qnOP3tCe7YzSx,Foundation of Social Sciences - Module II B,Neither easy nor difficult,Neither easy nor difficult,Somewhat agree,,In the regular session in May/June,3.0,3.0,2.0,
R_8TgknOKujqcWiwp,Advanced Macroeconomics,Difficult,Difficult,Somewhat disagree,"No, I would not enrol in the course at all",,5.0,5.0,4.0,0.0
R_8TgknOKujqcWiwp,Development Economics,Neither easy nor difficult,Neither easy nor difficult,Somewhat agree,"Yes, I would enrol again",In the regular session in May/June,3.0,3.0,2.0,1.0
R_8TgknOKujqcWiwp,Monetary Policy and Financial Regulation,Neither easy nor difficult,Difficult,Strongly disagree,"No, I would not enrol in the course at all",Later,3.0,5.0,5.0,0.0
R_8TgknOKujqcWiwp,Welfare and Politics,Neither easy nor difficult,Easy,Strongly agree,"Yes, I would enrol again",In the regular session in May/June,3.0,1.0,1.0,1.0
R_8TgknOKujqcWiwp,"Globalization, Divergence, and Inequality in Historical Perspective",Somewhat easy,Neither easy nor difficult,Somewhat agree,"Yes, I would enrol again",In the regular session in May/June,2.0,3.0,2.0,1.0
R_8TgknOKujqcWiwp,Foundation of Social Sciences - Module II A,Easy,Easy,Strongly agree,,In the regular session in May/June,1.0,1.0,1.0,
R_8OdKH5gtNvZuzgk,Advanced Microeconomics,Difficult,,,"No, I would not enrol in the course at all",,5.0,,,0.0
R_8OdKH5gtNvZuzgk,Economics of Digital Markets,Somewhat difficult,,,"No, I would not enrol in the course at all",,4.0,,,0.0
R_8OdKH5gtNvZuzgk,Foundation of Social Sciences - Module II B,Somewhat easy,Neither easy nor difficult,Strongly agree,,In the regular session in May/June,2.0,3.0,1.0,
R_8c7AyvFaBkwZlNt,Macroeconometrics,Somewhat difficult,Somewhat difficult,Neither agree nor disagree,,,4.0,4.0,3.0,
R_2DYDw0rWM7llgm5,Advanced Microeconomics,Difficult,Difficult,Somewhat disagree,"No, I would not enrol in the course at all",In the regular session in May/June,5.0,5.0,4.0,0.0
R_2DYDw0rWM7llgm5,Microeconometrics,Difficult,Somewhat difficult,Strongly agree,"Yes, I would enrol again",Later,5.0,4.0,1.0,1.0
R_8lujmuP9xlLn999,Microeconometrics,Somewhat difficult,Somewhat difficult,Neither agree nor disagree,"Yes, I would enrol again",In the regular session in May/June,4.0,4.0,3.0,1.0
R_8AIZWDY7l79YxXP,Microeconometrics,Somewhat easy,Neither easy nor difficult,Somewhat disagree,"Yes, I would enrol again",,2.0,3.0,4.0,1.0
R_8AIZWDY7l79YxXP,Advanced Macroeconomics,Neither easy nor difficult,,,"No, I would not enrol in the course at all",In August,3.0,,,0.0
R_8PcY15YDFaUJiEz,Advanced Microeconomics,Difficult,Difficult,Neither agree nor disagree,"No, I would not enrol in the course at all",,5.0,5.0,3.0,0.0
R_8PcY15YDFaUJiEz,Advanced Macroeconomics,Somewhat difficult,Somewhat difficult,Somewhat agree,"Yes, I would enrol again",,4.0,4.0,2.0,1.0
R_8PcY15YDFaUJiEz,Macroeconometrics,Difficult,Neither easy nor difficult,Neither agree nor disagree,"Yes, I would enrol again",,5.0,3.0,3.0,1.0
R_8k0Gd5t9X6JR5At,Advanced Microeconomics,Difficult,,Somewhat disagree,"No, but I would enrol in the second year",,5.0,,4.0,0.0
R_8k0Gd5t9X6JR5At,Microeconometrics,Somewhat difficult,Difficult,Neither agree nor disagree,"Yes, I would enrol again",In the regular session in May/June,4.0,5.0,3.0,1.0
R_8k0Gd5t9X6JR5At,Monetary Policy,Neither easy nor difficult,,,"Yes, I would enrol again",,3.0,,,1.0
R_8k0Gd5t9X6JR5At,Political Economics - Advanced,Difficult,Somewhat difficult,Somewhat agree,"No, but I would enrol in the second year",,5.0,4.0,2.0,0.0
R_8k0Gd5t9X6JR5At,Time Series Analysis of Economic and Financial Data,Somewhat difficult,Somewhat difficult,Somewhat agree,"Yes, I would enrol again",In the regular session in May/June,4.0,4.0,2.0,1.0
R_8k0Gd5t9X6JR5At,Bayesian Statistical Methods,Somewhat difficult,Neither easy nor difficult,Strongly agree,"Yes, I would enrol again",,4.0,3.0,1.0,1.0
R_8k0Gd5t9X6JR5At,Decision Theory and Human Behavior,Difficult,Neither easy nor difficult,Somewhat agree,"Yes, I would enrol again",,5.0,3.0,2.0,1.0
R_8k0Gd5t9X6JR5At,Foundation of Social Sciences - Module II B,Somewhat easy,Somewhat easy,Strongly agree,,In the regular session in May/June,2.0,2.0,1.0,
R_2lsh3PcCZ1Vhwlr,Microeconometrics,Somewhat difficult,Difficult,Somewhat disagree,"Yes, I would enrol again",In the regular session in May/June,4.0,5.0,4.0,1.0
R_2lsh3PcCZ1Vhwlr,International Macroeconomics and Finance,Somewhat difficult,Difficult,Strongly agree,"No, but I would enrol in the second year",In the regular session in May/June,4.0,5.0,1.0,0.0
R_2lsh3PcCZ1Vhwlr,"Globalization, Divergence, and Inequality in Historical Perspective",Neither easy nor difficult,Somewhat easy,Strongly agree,"Yes, I would enrol again",In August,3.0,2.0,1.0,1.0
R_2lsh3PcCZ1Vhwlr,Foundation of Social Sciences - Module II B,Somewhat easy,Somewhat easy,Neither agree nor disagree,,In August,2.0,2.0,3.0,
R_8qURphwmjBuOVF2,Microeconometrics,Somewhat difficult,Difficult,Strongly agree,"Yes, I would enrol again",In the regular session in May/June,4.0,5.0,1.0,1.0
R_8qURphwmjBuOVF2,International Macroeconomics and Finance,Difficult,Difficult,Strongly agree,"No, but I would enrol in the second year",,5.0,5.0,1.0,0.0
R_8qURphwmjBuOVF2,Time Series Analysis of Economic and Financial Data,Difficult,Difficult,Strongly agree,"No, I would not enrol in the course at all",In the regular session in May/June,5.0,5.0,1.0,0.0
R_8qURphwmjBuOVF2,Foundation of Social Sciences - Module II A,Neither easy nor difficult,Neither easy nor difficult,Somewhat disagree,,In the regular session in May/June,3.0,3.0,4.0,
R_8jVP21GuPBx11x9,International Macroeconomics and Finance,Somewhat difficult,Difficult,Strongly disagree,"No, I would not enrol in the course at all",,4.0,5.0,5.0,0.0
R_8jVP21GuPBx11x9,Time Series Analysis of Economic and Financial Data,Neither easy nor difficult,Neither easy nor difficult,Somewhat agree,"Yes, I would enrol again",In the regular session in May/June,3.0,3.0,2.0,1.0
R_8jVP21GuPBx11x9,Foundation of Social Sciences - Module II B,Neither easy nor difficult,Somewhat difficult,Neither agree nor disagree,,In the regular session in May/June,3.0,4.0,3.0,
R_8LC0QbLBDvT3tHG,Microeconometrics,Neither easy nor difficult,Somewhat difficult,Somewhat agree,"Yes, I would enrol again",In August,3.0,4.0,2.0,1.0
R_8LC0QbLBDvT3tHG,Economic Analysis of Crime,Somewhat easy,Somewhat easy,Strongly agree,"Yes, I would enrol again",In the regular session in May/June,2.0,2.0,1.0,1.0
R_8LC0QbLBDvT3tHG,Time Series Analysis of Economic and Financial Data,Neither easy nor difficult,Neither easy nor difficult,Somewhat agree,"Yes, I would enrol again",In the regular session in May/June,3.0,3.0,2.0,1.0
R_8LC0QbLBDvT3tHG,Foundation of Social Sciences - Module II B,Neither easy nor difficult,Neither easy nor difficult,Strongly agree,,In the regular session in May/June,3.0,3.0,1.0,
R_2Mq5cp3O8mDNYad,Microeconometrics,Neither easy nor difficult,Somewhat difficult,Somewhat agree,"Yes, I would enrol again",In the regular session in May/June,3.0,4.0,2.0,1.0
R_2Mq5cp3O8mDNYad,Development Economics,Easy,Somewhat easy,Strongly disagree,"No, I would not enrol in the course at all",In the regular session in May/June,1.0,2.0,5.0,0.0
R_2Mq5cp3O8mDNYad,Labour Economics,Somewhat difficult,Somewhat difficult,Somewhat agree,"Yes, I would enrol again",In August,4.0,4.0,2.0,1.0
R_2Mq5cp3O8mDNYad,Foundation of Social Sciences - Module II B,Easy,Somewhat easy,Strongly agree,,In August,1.0,2.0,1.0,
R_8fNVPRp9cG0RISG,Microeconometrics,Somewhat difficult,Neither easy nor difficult,Somewhat agree,"Yes, I would enrol again",In August,4.0,3.0,2.0,1.0
R_8fNVPRp9cG0RISG,Monetary Policy,Somewhat difficult,Difficult,Strongly agree,"Yes, I would enrol again",,4.0,5.0,1.0,1.0
R_8fNVPRp9cG0RISG,Economics of European Integration,Somewhat easy,Somewhat easy,Strongly agree,"Yes, I would enrol again",In the regular session in May/June,2.0,2.0,1.0,1.0
R_8fNVPRp9cG0RISG,Time Series Analysis of Economic and Financial Data,Neither easy nor difficult,Neither easy nor difficult,Strongly agree,"Yes, I would enrol again",In the regular session in May/June,3.0,3.0,1.0,1.0
R_8fNVPRp9cG0RISG,Comparative Politics: Institutions and Institutional Development,Somewhat easy,Somewhat easy,Strongly agree,"No, I would not enrol in the course at all",In the regular session in May/June,2.0,2.0,1.0,0.0
R_8fNVPRp9cG0RISG,Bayesian Statistical Methods,Somewhat difficult,Somewhat difficult,Somewhat agree,"Yes, I would enrol again",,4.0,4.0,2.0,1.0
R_8fNVPRp9cG0RISG,Foundation of Social Sciences - Module II B,Somewhat easy,Somewhat easy,Somewhat agree,,In the regular session in May/June,2.0,2.0,2.0,
R_8OGSAD69pYJqQ6H,Microeconometrics,Neither easy nor difficult,Somewhat difficult,,"Yes, I would enrol again",,3.0,4.0,,1.0
R_8OGSAD69pYJqQ6H,Economic Analysis of Crime,Easy,Somewhat easy,Strongly agree,"Yes, I would enrol again",In the regular session in May/June,1.0,2.0,1.0,1.0
R_8OGSAD69pYJqQ6H,Economics of European Integration,Somewhat easy,Neither easy nor difficult,Strongly agree,"Yes, I would enrol again",In August,2.0,3.0,1.0,1.0
R_8OGSAD69pYJqQ6H,Foundation of Social Sciences - Module II A,Neither easy nor difficult,Somewhat easy,Strongly agree,,In the regular session in May/June,3.0,2.0,1.0,
R_22xUh3WMnECnVLi,Microeconometrics,Neither easy nor difficult,Neither easy nor difficult,Strongly agree,"Yes, I would enrol again",In the regular session in May/June,3.0,3.0,1.0,1.0
R_22xUh3WMnECnVLi,Time Series Analysis of Economic and Financial Data,Somewhat easy,Somewhat easy,Strongly agree,"Yes, I would enrol again",In the regular session in May/June,2.0,2.0,1.0,1.0
R_22xUh3WMnECnVLi,Foundation of Social Sciences - Module II B,Somewhat easy,Somewhat easy,Strongly agree,,In the regular session in May/June,2.0,2.0,1.0,
R_2kM6VYE5AZn7tNA,Microeconometrics,Somewhat difficult,Difficult,Somewhat agree,"Yes, I would enrol again",In August,4.0,5.0,2.0,1.0
R_2kM6VYE5AZn7tNA,Development Economics,Neither easy nor difficult,Somewhat difficult,Somewhat agree,"Yes, I would enrol again",In the regular session in May/June,3.0,4.0,2.0,1.0
R_2kM6VYE5AZn7tNA,Economics of Digital Markets,Neither easy nor difficult,Neither easy nor difficult,Strongly agree,"Yes, I would enrol again",In the regular session in May/June,3.0,3.0,1.0,1.0
R_2kM6VYE5AZn7tNA,Foundation of Social Sciences - Module II B,Neither easy nor difficult,Somewhat difficult,Somewhat agree,,,3.0,4.0,2.0,
R_2KfoT1tPOIQdvwj,Microeconometrics,Somewhat difficult,Neither easy nor difficult,Somewhat disagree,"Yes, I would enrol again",In August,4.0,3.0,4.0,1.0
R_2KfoT1tPOIQdvwj,Economics of European Integration,Neither easy nor difficult,Somewhat difficult,Somewhat disagree,"Yes, I would enrol again",In the regular session in May/June,3.0,4.0,4.0,1.0
R_2KfoT1tPOIQdvwj,Energy Policy and Sustainability,Somewhat easy,Somewhat easy,Strongly disagree,"No, I would not enrol in the course at all",In the regular session in May/June,2.0,2.0,5.0,0.0
R_2KfoT1tPOIQdvwj,Foundation of Social Sciences - Module II A,Somewhat easy,Somewhat easy,Somewhat disagree,,In the regular session in May/June,2.0,2.0,4.0,
R_8KPJIQujp1EiQwA,Microeconometrics,Neither easy nor difficult,Somewhat difficult,Somewhat agree,"Yes, I would enrol again",In the regular session in May/June,3.0,4.0,2.0,1.0
R_8KPJIQujp1EiQwA,Labour Economics,Neither easy nor difficult,Difficult,Somewhat agree,"Yes, I would enrol again",In the regular session in May/June,3.0,5.0,2.0,1.0
R_8KPJIQujp1EiQwA,Economic Analysis of Crime,Somewhat easy,Neither easy nor difficult,Somewhat agree,"Yes, I would enrol again",In the regular session in May/June,2.0,3.0,2.0,1.0
R_8KPJIQujp1EiQwA,Foundation of Social Sciences - Module II A,Somewhat easy,Somewhat easy,Somewhat agree,,In August,2.0,2.0,2.0,
R_8FFdOReHP3pVUTf,Microeconometrics,Somewhat difficult,Difficult,Somewhat disagree,"Yes, I would enrol again",In the regular session in May/June,4.0,5.0,4.0,1.0
R_8FFdOReHP3pVUTf,Labour Economics,Neither easy nor difficult,Neither easy nor difficult,Neither agree nor disagree,"Yes, I would enrol again",,3.0,3.0,3.0,1.0
R_8FFdOReHP3pVUTf,Time Series Analysis of Economic and Financial Data,Difficult,Somewhat difficult,Somewhat disagree,"No, I would not enrol in the course at all",In the regular session in May/June,5.0,4.0,4.0,0.0
R_8FFdOReHP3pVUTf,Population Dynamics and Economics,Easy,Neither easy nor difficult,Neither agree nor disagree,"Yes, I would enrol again",,1.0,3.0,3.0,1.0
R_8FFdOReHP3pVUTf,Foundation of Social Sciences - Module II A,Easy,Easy,Strongly agree,,In August,1.0,1.0,1.0,
R_8rjELl9dXcneXJ4,Microeconometrics,Neither easy nor difficult,Difficult,Somewhat disagree,"Yes, I would enrol again",In the regular session in May/June,3.0,5.0,4.0,1.0
R_8rjELl9dXcneXJ4,Labour Economics,Somewhat easy,Somewhat easy,Strongly agree,"No, I would not enrol in the course at all",In the regular session in May/June,2.0,2.0,1.0,0.0
R_8rjELl9dXcneXJ4,Innovation and Economic Growth,Neither easy nor difficult,Neither easy nor difficult,Somewhat agree,"Yes, I would enrol again",In August,3.0,3.0,2.0,1.0
R_8rjELl9dXcneXJ4,Foundation of Social Sciences - Module II A,Easy,Easy,Strongly agree,,In August,1.0,1.0,1.0,
R_8lFg03LeEICv8qO,International Macroeconomics and Finance,Somewhat difficult,Neither easy nor difficult,Strongly agree,"Yes, I would enrol again",In the regular session in May/June,4.0,3.0,1.0,1.0
R_8lFg03LeEICv8qO,Monetary Policy and Financial Regulation,Somewhat easy,Somewhat difficult,Neither agree nor disagree,"Yes, I would enrol again",In the regular session in May/June,2.0,4.0,3.0,1.0
R_8lFg03LeEICv8qO,Time Series Analysis of Economic and Financial Data,Somewhat difficult,Somewhat difficult,Somewhat agree,"Yes, I would enrol again",In August,4.0,4.0,2.0,1.0
R_8lFg03LeEICv8qO,Foundation of Social Sciences - Module II A,Somewhat easy,Somewhat easy,Neither agree nor disagree,,In the regular session in May/June,2.0,2.0,3.0,
R_2V3kXhzESaIHSbG,Game Theory: Analysis of Strategic Thinking,Difficult,Difficult,Somewhat disagree,"No, I would not enrol in the course at all",,5.0,5.0,4.0,0.0
R_2V3kXhzESaIHSbG,Labour Economics,Somewhat difficult,Somewhat difficult,Strongly agree,"Yes, I would enrol again",In the regular session in May/June,4.0,4.0,1.0,1.0
R_2V3kXhzESaIHSbG,Monetary Policy and Financial Regulation,Easy,,Somewhat disagree,"No, I would not enrol in the course at all",In the regular session in May/June,1.0,,4.0,0.0
R_2V3kXhzESaIHSbG,Foundation of Social Sciences - Module II A,Somewhat easy,Neither easy nor difficult,Somewhat agree,,In the regular session in May/June,2.0,3.0,2.0,
R_8dPW33ZPv3ZkFnL,Microeconometrics,Neither easy nor difficult,Somewhat difficult,Somewhat disagree,"Yes, I would enrol again",In the regular session in May/June,3.0,4.0,4.0,1.0
R_8dPW33ZPv3ZkFnL,Development Economics,Somewhat easy,Neither easy nor difficult,Strongly agree,"Yes, I would enrol again",In the regular session in May/June,2.0,3.0,1.0,1.0
R_8dPW33ZPv3ZkFnL,Public Economics,Neither easy nor difficult,Neither easy nor difficult,Strongly agree,"Yes, I would enrol again",,3.0,3.0,1.0,1.0
R_8dPW33ZPv3ZkFnL,Population Dynamics and Economics,Easy,Easy,Somewhat agree,"Yes, I would enrol again",,1.0,1.0,2.0,1.0
R_8dPW33ZPv3ZkFnL,Foundation of Social Sciences - Module II A,Somewhat easy,Neither easy nor difficult,Somewhat agree,,In the regular session in May/June,2.0,3.0,2.0,
R_2KLZtTY0KI4QRgZ,Microeconometrics,Somewhat difficult,Neither easy nor difficult,Somewhat agree,"Yes, I would enrol again",In August,4.0,3.0,2.0,1.0
R_2KLZtTY0KI4QRgZ,International Macroeconomics and Finance,Somewhat difficult,,,"Yes, I would enrol again",,4.0,,,1.0
R_2KLZtTY0KI4QRgZ,Economics of European Integration,Neither easy nor difficult,Somewhat difficult,Strongly agree,"Yes, I would enrol again",In the regular session in May/June,3.0,4.0,1.0,1.0
R_2KLZtTY0KI4QRgZ,Foundation of Social Sciences - Module II A,Somewhat easy,Somewhat easy,Somewhat disagree,,In the regular session in May/June,2.0,2.0,4.0,
R_86flWsRZWp0fN0g,Microeconometrics,Neither easy nor difficult,Neither easy nor difficult,Strongly agree,"Yes, I would enrol again",In the regular session in May/June,3.0,3.0,1.0,1.0
R_86flWsRZWp0fN0g,Economics of European Integration,Somewhat difficult,Somewhat easy,Strongly agree,"Yes, I would enrol again",In the regular session in May/June,4.0,2.0,1.0,1.0
R_86flWsRZWp0fN0g,Energy Policy and Sustainability,Easy,Easy,Strongly agree,"Yes, I would enrol again",In the regular session in May/June,1.0,1.0,1.0,1.0
R_86flWsRZWp0fN0g,Foundation of Social Sciences - Module II B,Somewhat easy,Neither easy nor difficult,Strongly agree,,In the regular session in May/June,2.0,3.0,1.0,
R_2eQEKuAgwhn3Z9T,Microeconometrics,Difficult,Somewhat difficult,Strongly disagree,"Yes, I would enrol again",In August,5.0,4.0,5.0,1.0
R_2eQEKuAgwhn3Z9T,Time Series Analysis of Economic and Financial Data,Neither easy nor difficult,Neither easy nor difficult,Strongly disagree,"Yes, I would enrol again",In the regular session in May/June,3.0,3.0,5.0,1.0
R_2eQEKuAgwhn3Z9T,Foundation of Social Sciences - Module II B,Easy,Easy,Strongly agree,,In August,1.0,1.0,1.0,
R_2B8TN4tjxEowL7P,Microeconometrics,Somewhat difficult,Difficult,Somewhat agree,"Yes, I would enrol again",In the regular session in May/June,4.0,5.0,2.0,1.0
R_2B8TN4tjxEowL7P,Economics of Digital Markets,Somewhat easy,Somewhat easy,Strongly agree,"Yes, I would enrol again",In August,2.0,2.0,1.0,1.0
R_2B8TN4tjxEowL7P,Foundation of Social Sciences - Module II A,Easy,Easy,Strongly agree,,In the regular session in May/June,1.0,1.0,1.0,
R_2qdrCgFrzvEWZth,Microeconometrics,Somewhat difficult,Somewhat difficult,Strongly agree,"Yes, I would enrol again",,4.0,4.0,1.0,1.0
R_2qdrCgFrzvEWZth,Economics of European Integration,Somewhat easy,Neither easy nor difficult,Somewhat agree,"Yes, I would enrol again",In the regular session in May/June,2.0,3.0,2.0,1.0
R_2qdrCgFrzvEWZth,Time Series Analysis of Economic and Financial Data,Somewhat difficult,Neither easy nor difficult,Strongly agree,"Yes, I would enrol again",In the regular session in May/June,4.0,3.0,1.0,1.0
R_2qdrCgFrzvEWZth,Foundation of Social Sciences - Module II A,Somewhat easy,Neither easy nor difficult,Somewhat agree,,In August,2.0,3.0,2.0,
R_2azbH65XfIL61yW,Microeconometrics,Neither easy nor difficult,Neither easy nor difficult,Somewhat agree,"Yes, I would enrol again",In the regular session in May/June,3.0,3.0,2.0,1.0
R_2azbH65XfIL61yW,Development Economics,Somewhat easy,Neither easy nor difficult,Neither agree nor disagree,"No, I would not enrol in the course at all",In the regular session in May/June,2.0,3.0,3.0,0.0
R_2azbH65XfIL61yW,Labour Economics,Neither easy nor difficult,Somewhat difficult,Somewhat disagree,"Yes, I would enrol again",In the regular session in May/June,3.0,4.0,4.0,1.0
R_2Ey6mYYUCH7M28r,Microeconometrics,Neither easy nor difficult,Neither easy nor difficult,Strongly agree,"Yes, I would enrol again",In the regular session in May/June,3.0,3.0,1.0,1.0
R_2Ey6mYYUCH7M28r,Game Theory: Analysis of Strategic Thinking,Difficult,Somewhat difficult,Strongly agree,"Yes, I would enrol again",In the regular session in May/June,5.0,4.0,1.0,1.0
R_2Ey6mYYUCH7M28r,Economic Analysis of Crime,Easy,Easy,Somewhat agree,"Yes, I would enrol again",In August,1.0,1.0,2.0,1.0
R_2Ey6mYYUCH7M28r,Foundation of Social Sciences - Module II B,Easy,Somewhat difficult,Somewhat disagree,,In the regular session in May/June,1.0,4.0,4.0,
R_27VDq8wAvUWHBRv,Microeconometrics,Neither easy nor difficult,Neither easy nor difficult,Somewhat agree,"Yes, I would enrol again",In the regular session in May/June,3.0,3.0,2.0,1.0
R_27VDq8wAvUWHBRv,Development Economics,Somewhat easy,Somewhat difficult,Somewhat disagree,"Yes, I would enrol again",In the regular session in May/June,2.0,4.0,4.0,1.0
R_27VDq8wAvUWHBRv,Empirical Industrial Organization and Market Design,Neither easy nor difficult,Neither easy nor difficult,,"Yes, I would enrol again",,3.0,3.0,,1.0
R_27VDq8wAvUWHBRv,Monetary Policy,Neither easy nor difficult,Neither easy nor difficult,Neither agree nor disagree,"Yes, I would enrol again",,3.0,3.0,3.0,1.0
R_27VDq8wAvUWHBRv,Political Economics - Advanced,Somewhat difficult,Neither easy nor difficult,Somewhat agree,"Yes, I would enrol again",,4.0,3.0,2.0,1.0
R_27VDq8wAvUWHBRv,Economics of European Integration,Somewhat easy,Somewhat easy,Somewhat agree,"Yes, I would enrol again",In the regular session in May/June,2.0,2.0,2.0,1.0
R_27VDq8wAvUWHBRv,Foundation of Social Sciences - Module II B,Neither easy nor difficult,Neither easy nor difficult,Neither agree nor disagree,,In August,3.0,3.0,3.0,
R_2L70EfK3aGabYDs,Microeconometrics,Somewhat difficult,Difficult,Somewhat disagree,"Yes, I would enrol again",In the regular session in May/June,4.0,5.0,4.0,1.0
R_2L70EfK3aGabYDs,"Globalization, Divergence, and Inequality in Historical Perspective",Neither easy nor difficult,Neither easy nor difficult,Strongly agree,"Yes, I would enrol again",In the regular session in May/June,3.0,3.0,1.0,1.0
R_2L70EfK3aGabYDs,Foundation of Social Sciences - Module II B,Somewhat easy,Somewhat easy,Strongly agree,,In August,2.0,2.0,1.0,
R_8iyiJjhPJEzpkzw,Microeconometrics,Somewhat difficult,Difficult,Somewhat disagree,"Yes, I would enrol again",In the regular session in May/June,4.0,5.0,4.0,1.0
R_8iyiJjhPJEzpkzw,International Macroeconomics and Finance,Neither easy nor difficult,Somewhat difficult,Somewhat disagree,"Yes, I would enrol again",,3.0,4.0,4.0,1.0
R_8iyiJjhPJEzpkzw,Time Series Analysis of Economic and Financial Data,Neither easy nor difficult,Somewhat easy,Strongly agree,"Yes, I would enrol again",In the regular session in May/June,3.0,2.0,1.0,1.0
R_8iyiJjhPJEzpkzw,Decision Theory and Human Behavior,Neither easy nor difficult,Somewhat difficult,Somewhat disagree,"Yes, I would enrol again",,3.0,4.0,4.0,1.0
R_8iyiJjhPJEzpkzw,Foundation of Social Sciences - Module II B,Somewhat easy,Somewhat easy,Somewhat agree,,,2.0,2.0,2.0,
R_8q1r1QN9aqACjGS,Development Economics,Somewhat easy,Difficult,Strongly disagree,"No, I would not enrol in the course at all",In the regular session in May/June,2.0,5.0,5.0,0.0
R_8q1r1QN9aqACjGS,Labour Economics,Difficult,Difficult,Strongly agree,"Yes, I would enrol again",In the regular session in May/June,5.0,5.0,1.0,1.0
R_8q1r1QN9aqACjGS,Innovation and Economic Growth,Difficult,Somewhat difficult,Somewhat disagree,"No, but I would enrol in the second year",In the regular session in May/June,5.0,4.0,4.0,0.0
R_8q1r1QN9aqACjGS,Foundation of Social Sciences - Module II A,Easy,Easy,Strongly agree,,In the regular session in May/June,1.0,1.0,1.0,
R_2QYJlMwtZ28QPTj,Advanced Microeconomics,Somewhat difficult,Somewhat difficult,Somewhat agree,"Yes, I would enrol again",In the regular session in May/June,4.0,4.0,2.0,1.0
R_2QYJlMwtZ28QPTj,Game Theory: Analysis of Strategic Thinking,Difficult,Difficult,Somewhat agree,"Yes, I would enrol again",In the regular session in May/June,5.0,5.0,2.0,1.0
R_2QYJlMwtZ28QPTj,Empirical Industrial Organization and Market Design,Neither easy nor difficult,Somewhat easy,,"Yes, I would enrol again",,3.0,2.0,,1.0
R_2QYJlMwtZ28QPTj,Decision Theory and Human Behavior,Somewhat difficult,Somewhat difficult,Somewhat disagree,"Yes, I would enrol again",,4.0,4.0,4.0,1.0
R_2QYJlMwtZ28QPTj,Foundation of Social Sciences - Module II B,Neither easy nor difficult,Neither easy nor difficult,Neither agree nor disagree,,,3.0,3.0,3.0,
R_2yFAKfKhWRTXWUx,Microeconometrics,Somewhat difficult,Difficult,Somewhat agree,"Yes, I would enrol again",In August,4.0,5.0,2.0,1.0
R_2yFAKfKhWRTXWUx,Economic Analysis of Crime,Somewhat easy,Neither easy nor difficult,Neither agree nor disagree,"Yes, I would enrol again",,2.0,3.0,3.0,1.0
R_2yFAKfKhWRTXWUx,"History, Institutions and Crises of the Financial Global System",Neither easy nor difficult,Somewhat easy,Strongly agree,"Yes, I would enrol again",In the regular session in May/June,3.0,2.0,1.0,1.0
R_2yFAKfKhWRTXWUx,Foundation of Social Sciences - Module II A,Neither easy nor difficult,Somewhat easy,Somewhat agree,,In August,3.0,2.0,2.0,
R_8aNUf2TR6Er9qYV,Advanced Microeconomics,Somewhat difficult,Somewhat difficult,Somewhat disagree,"Yes, I would enrol again",In the regular session in May/June,4.0,4.0,4.0,1.0
R_8aNUf2TR6Er9qYV,Microeconometrics,Neither easy nor difficult,Somewhat difficult,Somewhat agree,"Yes, I would enrol again",In August,3.0,4.0,2.0,1.0
R_8aNUf2TR6Er9qYV,Development Economics,Somewhat easy,Neither easy nor difficult,Somewhat agree,"Yes, I would enrol again",In the regular session in May/June,2.0,3.0,2.0,1.0
R_8aNUf2TR6Er9qYV,Foundation of Social Sciences - Module II A,Somewhat easy,,,,,2.0,,,
R_21pI9RuBWPLY7Ki,Microeconometrics,Somewhat difficult,Somewhat difficult,Somewhat agree,"Yes, I would enrol again",In the regular session in May/June,4.0,4.0,2.0,1.0
R_21pI9RuBWPLY7Ki,Economic Analysis of Crime,Somewhat easy,Neither easy nor difficult,Neither agree nor disagree,"Yes, I would enrol again",In the regular session in May/June,2.0,3.0,3.0,1.0
R_21pI9RuBWPLY7Ki,Economics of European Integration,Neither easy nor difficult,Somewhat difficult,Somewhat agree,"Yes, I would enrol again",In the regular session in May/June,3.0,4.0,2.0,1.0
R_21pI9RuBWPLY7Ki,Foundation of Social Sciences - Module II B,Neither easy nor difficult,Neither easy nor difficult,Somewhat agree,,In the regular session in May/June,3.0,3.0,2.0,
R_8D6cEGgVpcZrRy4,Microeconometrics,Neither easy nor difficult,Neither easy nor difficult,Somewhat agree,"Yes, I would enrol again",In August,3.0,3.0,2.0,1.0
R_8D6cEGgVpcZrRy4,Empirical Industrial Organization and Market Design,Somewhat difficult,Neither easy nor difficult,,"Yes, I would enrol again",,4.0,3.0,,1.0
R_8D6cEGgVpcZrRy4,Economics of European Integration,Neither easy nor difficult,Somewhat difficult,Somewhat agree,"Yes, I would enrol again",In the regular session in May/June,3.0,4.0,2.0,1.0
R_8D6cEGgVpcZrRy4,Economics of Digital Markets,Neither easy nor difficult,,Neither agree nor disagree,"Yes, I would enrol again",Later,3.0,,3.0,1.0
R_8D6cEGgVpcZrRy4,Population Dynamics and Economics,Somewhat easy,Somewhat easy,Somewhat agree,"Yes, I would enrol again",Later,2.0,2.0,2.0,1.0
R_8D6cEGgVpcZrRy4,Foundation of Social Sciences - Module II A,Neither easy nor difficult,Somewhat easy,Somewhat agree,,In the regular session in May/June,3.0,2.0,2.0,
R_2PuMSq63eVndUnb,Advanced Microeconomics,Somewhat difficult,Difficult,Strongly agree,"Yes, I would enrol again",In the regular session in May/June,4.0,5.0,1.0,1.0
R_2PuMSq63eVndUnb,Game Theory: Analysis of Strategic Thinking,Somewhat difficult,Somewhat difficult,Strongly agree,"Yes, I would enrol again",In the regular session in May/June,4.0,4.0,1.0,1.0
R_2PuMSq63eVndUnb,Decision Theory and Human Behavior,Neither easy nor difficult,Neither easy nor difficult,Neither agree nor disagree,"No, I would not enrol in the course at all",In the regular session in May/June,3.0,3.0,3.0,0.0
R_2PuMSq63eVndUnb,Foundation of Social Sciences - Module II A,Easy,Easy,Strongly agree,,In August,1.0,1.0,1.0,
R_2rCAcDkGFy2hdZS,Microeconometrics,Somewhat difficult,Neither easy nor difficult,Strongly agree,"Yes, I would enrol again",In August,4.0,3.0,1.0,1.0
R_2rCAcDkGFy2hdZS,Development Economics,Somewhat easy,Easy,Strongly agree,"Yes, I would enrol again",In the regular session in May/June,2.0,1.0,1.0,1.0
R_2rCAcDkGFy2hdZS,"Globalization, Divergence, and Inequality in Historical Perspective",Easy,Easy,,"No, I would not enrol in the course at all",,1.0,1.0,,0.0
R_2rCAcDkGFy2hdZS,Foundation of Social Sciences - Module II B,Easy,Somewhat easy,Somewhat agree,,In the regular session in May/June,1.0,2.0,2.0,
R_2Kx4VIKmJYggkVU,Advanced Microeconomics,Somewhat difficult,Somewhat difficult,Strongly agree,"Yes, I would enrol again",In the regular session in May/June,4.0,4.0,1.0,1.0
R_2Kx4VIKmJYggkVU,Labour Economics,Somewhat difficult,Difficult,Strongly agree,"Yes, I would enrol again",In the regular session in May/June,4.0,5.0,1.0,1.0
R_2Kx4VIKmJYggkVU,"Globalization, Divergence, and Inequality in Historical Perspective",Somewhat easy,Neither easy nor difficult,Strongly agree,"Yes, I would enrol again",In the regular session in May/June,2.0,3.0,1.0,1.0
R_2Kx4VIKmJYggkVU,Foundation of Social Sciences - Module II A,Somewhat easy,Easy,Strongly agree,,In the regular session in May/June,2.0,1.0,1.0,
R_2Zz6IC7GyTYytIB,Microeconometrics,Difficult,Difficult,Somewhat agree,"Yes, I would enrol again",In the regular session in May/June,5.0,5.0,2.0,1.0
R_2Zz6IC7GyTYytIB,Political Economics - Advanced,Somewhat difficult,,,"Yes, I would enrol again",,4.0,,,1.0
R_2Zz6IC7GyTYytIB,Economic Analysis of Crime,Easy,Neither easy nor difficult,Somewhat agree,"Yes, I would enrol again",In the regular session in May/June,1.0,3.0,2.0,1.0
R_2Zz6IC7GyTYytIB,Population Dynamics and Economics,Easy,,,"No, I would not enrol in the course at all",,1.0,,,0.0
R_2Zz6IC7GyTYytIB,Foundation of Social Sciences - Module II A,Easy,Somewhat easy,Somewhat agree,,In the regular session in May/June,1.0,2.0,2.0,
R_2EcGfWIuFUyFAGK,Microeconometrics,Somewhat difficult,Somewhat difficult,Neither agree nor disagree,"Yes, I would enrol again",In the regular session in May/June,4.0,4.0,3.0,1.0
R_2EcGfWIuFUyFAGK,Advanced Macroeconomics,Somewhat difficult,Somewhat difficult,Strongly agree,"Yes, I would enrol again",In the regular session in May/June,4.0,4.0,1.0,1.0
R_2EcGfWIuFUyFAGK,International Macroeconomics and Finance,Neither easy nor difficult,Somewhat difficult,Neither agree nor disagree,"Yes, I would enrol again",,3.0,4.0,3.0,1.0
R_2EcGfWIuFUyFAGK,Public Economics,Neither easy nor difficult,Neither easy nor difficult,Strongly agree,"Yes, I would enrol again",In the regular session in May/June,3.0,3.0,1.0,1.0
R_2EcGfWIuFUyFAGK,Monetary Policy and Financial Regulation,Neither easy nor difficult,Neither easy nor difficult,Somewhat agree,"Yes, I would enrol again",In August,3.0,3.0,2.0,1.0
R_2EcGfWIuFUyFAGK,Time Series Analysis of Economic and Financial Data,Neither easy nor difficult,Neither easy nor difficult,Neither agree nor disagree,"Yes, I would enrol again",In the regular session in May/June,3.0,3.0,3.0,1.0
R_2EcGfWIuFUyFAGK,Foundation of Social Sciences - Module II A,Neither easy nor difficult,Neither easy nor difficult,Strongly disagree,,In the regular session in May/June,3.0,3.0,5.0,
R_2UgV7kvOPpl3Fpt,Microeconometrics,Somewhat difficult,Somewhat difficult,Strongly agree,"Yes, I would enrol again",In August,4.0,4.0,1.0,1.0
R_2UgV7kvOPpl3Fpt,Labour Economics,Somewhat difficult,Somewhat difficult,Strongly agree,"Yes, I would enrol again",In the regular session in May/June,4.0,4.0,1.0,1.0
R_2UgV7kvOPpl3Fpt,"Globalization, Divergence, and Inequality in Historical Perspective",Neither easy nor difficult,Somewhat difficult,Strongly agree,"No, but I would enrol in the second year",In the regular session in May/June,3.0,4.0,1.0,0.0
R_2UgV7kvOPpl3Fpt,Foundation of Social Sciences - Module II A,Neither easy nor difficult,Neither easy nor difficult,Strongly agree,,In the regular session in May/June,3.0,3.0,1.0,
R_8D5Nt5ztTwQ1aty,Microeconometrics,Somewhat difficult,Somewhat difficult,Somewhat disagree,"Yes, I would enrol again",In the regular session in May/June,4.0,4.0,4.0,1.0
R_8D5Nt5ztTwQ1aty,Development Economics,Easy,Somewhat easy,Strongly agree,"Yes, I would enrol again",In the regular session in May/June,1.0,2.0,1.0,1.0
R_8D5Nt5ztTwQ1aty,Labour Economics,Neither easy nor difficult,Difficult,Somewhat agree,"Yes, I would enrol again",,3.0,5.0,2.0,1.0
R_8D5Nt5ztTwQ1aty,Public Economics,Easy,Somewhat easy,Strongly agree,"Yes, I would enrol again",,1.0,2.0,1.0,1.0
R_8D5Nt5ztTwQ1aty,Foundation of Social Sciences - Module II B,Somewhat easy,Somewhat easy,Strongly agree,,In the regular session in May/June,2.0,2.0,1.0,
R_23gv2hsvWEEkkC1,Foundation of Social Sciences - Module II A,Somewhat easy,Somewhat easy,Strongly agree,,In August,2.0,2.0,1.0,
R_8SpEFduasyGdXbp,Advanced Microeconomics,Somewhat difficult,Difficult,Strongly agree,"Yes, I would enrol again",In the regular session in May/June,4.0,5.0,1.0,1.0
R_8SpEFduasyGdXbp,Game Theory: Analysis of Strategic Thinking,Difficult,Difficult,Somewhat agree,"No, but I would enrol in the second year",Later,5.0,5.0,2.0,0.0
R_8SpEFduasyGdXbp,Foundation of Social Sciences - Module II B,Somewhat easy,Neither easy nor difficult,Somewhat agree,,In the regular session in May/June,2.0,3.0,2.0,
R_2COFYqyRxM9zN0v,Microeconometrics,Somewhat difficult,Neither easy nor difficult,Somewhat agree,"Yes, I would enrol again",In the regular session in May/June,4.0,3.0,2.0,1.0
R_2COFYqyRxM9zN0v,Economics of European Integration,Neither easy nor difficult,Somewhat easy,Strongly agree,"Yes, I would enrol again",In the regular session in May/June,3.0,2.0,1.0,1.0
R_2COFYqyRxM9zN0v,Economics of Digital Markets,Neither easy nor difficult,Somewhat difficult,Neither agree nor disagree,"Yes, I would enrol again",,3.0,4.0,3.0,1.0
R_2COFYqyRxM9zN0v,Foundation of Social Sciences - Module II B,Neither easy nor difficult,Somewhat difficult,Somewhat disagree,,In the regular session in May/June,3.0,4.0,4.0,
R_8iyK8sLlaRg7AMV,Microeconometrics,Somewhat difficult,Somewhat difficult,Somewhat disagree,"Yes, I would enrol again",In August,4.0,4.0,4.0,1.0
R_8iyK8sLlaRg7AMV,Time Series Analysis of Economic and Financial Data,Somewhat difficult,Somewhat difficult,Somewhat disagree,"No, I would not enrol in the course at all",,4.0,4.0,4.0,0.0
R_8iyK8sLlaRg7AMV,Foundation of Social Sciences - Module II B,Somewhat easy,Somewhat easy,Strongly agree,,In the regular session in May/June,2.0,2.0,1.0,
R_2ke3MNLsRBlFKY1,Macroeconometrics,Difficult,Difficult,Neither agree nor disagree,,,5.0,5.0,3.0,
R_2ke3MNLsRBlFKY1,Monetary Policy,Neither easy nor difficult,Neither easy nor difficult,Strongly agree,"Yes, I would enrol again",In the regular session in May/June,3.0,3.0,1.0,1.0
R_2ke3MNLsRBlFKY1,Welfare and Politics,Somewhat easy,Easy,Strongly agree,"Yes, I would enrol again",In the regular session in May/June,2.0,1.0,1.0,1.0
R_2ke3MNLsRBlFKY1,"History, Institutions and Crises of the Financial Global System",Neither easy nor difficult,Somewhat easy,Strongly agree,"Yes, I would enrol again",In August,3.0,2.0,1.0,1.0
R_2ke3MNLsRBlFKY1,Foundation of Social Sciences - Module II A,Neither easy nor difficult,Somewhat easy,Somewhat agree,,In the regular session in May/June,3.0,2.0,2.0,
R_2MzgUbNjjIP60kE,Microeconometrics,Somewhat difficult,Difficult,Neither agree nor disagree,"No, but I would enrol in the second year",In the regular session in May/June,4.0,5.0,3.0,0.0
R_2MzgUbNjjIP60kE,International Macroeconomics and Finance,Somewhat difficult,Somewhat difficult,Somewhat agree,"Yes, I would enrol again",Later,4.0,4.0,2.0,1.0
R_2MzgUbNjjIP60kE,Monetary Policy,Neither easy nor difficult,Neither easy nor difficult,Somewhat agree,"Yes, I would enrol again",,3.0,3.0,2.0,1.0
R_2MzgUbNjjIP60kE,Time Series Analysis of Economic and Financial Data,Somewhat easy,Somewhat easy,Somewhat agree,"Yes, I would enrol again",In the regular session in May/June,2.0,2.0,2.0,1.0
R_2MzgUbNjjIP60kE,Foundation of Social Sciences - Module II A,Somewhat easy,Easy,Strongly agree,,In the regular session in May/June,2.0,1.0,1.0,
R_21peOVCGDmbfLJf,Microeconometrics,Somewhat difficult,Somewhat difficult,Strongly agree,"Yes, I would enrol again",In the regular session in May/June,4.0,4.0,1.0,1.0
R_21peOVCGDmbfLJf,Economics of Digital Markets,Somewhat easy,Somewhat easy,Strongly agree,"Yes, I would enrol again",In the regular session in May/June,2.0,2.0,1.0,1.0
R_21peOVCGDmbfLJf,Time Series Analysis of Economic and Financial Data,Somewhat difficult,Somewhat difficult,Strongly agree,"Yes, I would enrol again",In the regular session in May/June,4.0,4.0,1.0,1.0
R_21peOVCGDmbfLJf,Foundation of Social Sciences - Module II B,Somewhat easy,Somewhat easy,Somewhat agree,,In the regular session in May/June,2.0,2.0,2.0,
R_8R3ggpVRKfdjTzH,Microeconometrics,Somewhat difficult,Somewhat difficult,Strongly agree,"Yes, I would enrol again",In the regular session in May/June,4.0,4.0,1.0,1.0
R_8R3ggpVRKfdjTzH,Development Economics,Somewhat easy,Easy,Somewhat agree,"Yes, I would enrol again",In the regular session in May/June,2.0,1.0,2.0,1.0
R_8R3ggpVRKfdjTzH,Economics of European Integration,Easy,Easy,Strongly agree,"Yes, I would enrol again",In the regular session in May/June,1.0,1.0,1.0,1.0
R_8R3ggpVRKfdjTzH,Foundation of Social Sciences - Module II B,Neither easy nor difficult,Somewhat difficult,Neither agree nor disagree,,In the regular session in May/June,3.0,4.0,3.0,
R_8E6Gvaz5BdKoEGD,Microeconometrics,Neither easy nor difficult,Somewhat difficult,Somewhat agree,"Yes, I would enrol again",In the regular session in May/June,3.0,4.0,2.0,1.0
R_8E6Gvaz5BdKoEGD,International Macroeconomics and Finance,Difficult,Difficult,Somewhat disagree,"No, I would not enrol in the course at all",In the regular session in May/June,5.0,5.0,4.0,0.0
R_8E6Gvaz5BdKoEGD,Time Series Analysis of Economic and Financial Data,Neither easy nor difficult,,Somewhat agree,"Yes, I would enrol again",In the regular session in May/June,3.0,,2.0,1.0
R_8E6Gvaz5BdKoEGD,Foundation of Social Sciences - Module II A,Neither easy nor difficult,Neither easy nor difficult,Neither agree nor disagree,,Later,3.0,3.0,3.0,
R_2gIrmku9R4Vpazm,Microeconometrics,Somewhat difficult,Somewhat difficult,Somewhat agree,"Yes, I would enrol again",In the regular session in May/June,4.0,4.0,2.0,1.0
R_2gIrmku9R4Vpazm,Development Economics,Somewhat easy,Somewhat difficult,Somewhat disagree,"No, I would not enrol in the course at all",,2.0,4.0,4.0,0.0
R_2gIrmku9R4Vpazm,Game Theory: Analysis of Strategic Thinking,Difficult,Neither easy nor difficult,Strongly agree,"Yes, I would enrol again",In the regular session in May/June,5.0,3.0,1.0,1.0
R_2gIrmku9R4Vpazm,Political Economics - Advanced,Somewhat difficult,Somewhat difficult,Neither agree nor disagree,"Yes, I would enrol again",In the regular session in May/June,4.0,4.0,3.0,1.0
R_2gIrmku9R4Vpazm,Bayesian Statistical Methods,Neither easy nor difficult,Somewhat easy,Somewhat agree,"Yes, I would enrol again",In the regular session in May/June,3.0,2.0,2.0,1.0
R_2gIrmku9R4Vpazm,Foundation of Social Sciences - Module II A,Somewhat easy,Neither easy nor difficult,Neither agree nor disagree,,Later,2.0,3.0,3.0,
R_2Mxm15rb3Qdgf8o,Advanced Macroeconomics,Neither easy nor difficult,Neither easy nor difficult,,"Yes, I would enrol again",In the regular session in May/June,3.0,3.0,,1.0
R_2Mxm15rb3Qdgf8o,Macroeconometrics,Neither easy nor difficult,Neither easy nor difficult,Strongly agree,"Yes, I would enrol again",In the regular session in May/June,3.0,3.0,1.0,1.0
R_2Mxm15rb3Qdgf8o,Game Theory: Analysis of Strategic Thinking,Difficult,Neither easy nor difficult,Strongly agree,"Yes, I would enrol again",In the regular session in May/June,5.0,3.0,1.0,1.0
R_2Mxm15rb3Qdgf8o,Labour Economics,Somewhat difficult,Difficult,Somewhat disagree,"No, I would not enrol in the course at all",,4.0,5.0,4.0,0.0
R_2Mxm15rb3Qdgf8o,International Macroeconomics and Finance,Neither easy nor difficult,Somewhat difficult,Somewhat disagree,"Yes, I would enrol again",Later,3.0,4.0,4.0,1.0
R_2Mxm15rb3Qdgf8o,Empirical Industrial Organization and Market Design,Somewhat difficult,Neither easy nor difficult,Somewhat disagree,"Yes, I would enrol again",In the regular session in May/June,4.0,3.0,4.0,1.0
R_2Mxm15rb3Qdgf8o,Bayesian Statistical Methods,Somewhat easy,Neither easy nor difficult,Somewhat agree,"No, I would not enrol in the course at all",In the regular session in May/June,2.0,3.0,2.0,0.0
R_2Mxm15rb3Qdgf8o,Foundation of Social Sciences - Module II A,Somewhat easy,Easy,Somewhat agree,,In the regular session in May/June,2.0,1.0,2.0,
R_2JLBPhP7VbKNcUT,Microeconometrics,Somewhat difficult,Somewhat difficult,Somewhat agree,"Yes, I would enrol again",In the regular session in May/June,4.0,4.0,2.0,1.0
R_2JLBPhP7VbKNcUT,Development Economics,Somewhat easy,Somewhat difficult,Strongly disagree,"No, I would not enrol in the course at all",In the regular session in May/June,2.0,4.0,5.0,0.0
R_2JLBPhP7VbKNcUT,"Globalization, Divergence, and Inequality in Historical Perspective",Somewhat easy,Neither easy nor difficult,Somewhat agree,"Yes, I would enrol again",In August,2.0,3.0,2.0,1.0
R_8sX7xSWAX6y2uSZ,Microeconometrics,Neither easy nor difficult,Somewhat difficult,Somewhat agree,"Yes, I would enrol again",In the regular session in May/June,3.0,4.0,2.0,1.0
R_8sX7xSWAX6y2uSZ,International Macroeconomics and Finance,Somewhat difficult,Difficult,Somewhat disagree,"Yes, I would enrol again",In the regular session in May/June,4.0,5.0,4.0,1.0
R_8sX7xSWAX6y2uSZ,Economics of European Integration,Somewhat easy,Somewhat difficult,Neither agree nor disagree,"Yes, I would enrol again",In the regular session in May/June,2.0,4.0,3.0,1.0
R_8sX7xSWAX6y2uSZ,Foundation of Social Sciences - Module II A,Somewhat easy,Neither easy nor difficult,Neither agree nor disagree,,,2.0,3.0,3.0,
R_8q89IMg6yamZBxj,Time Series Analysis of Economic and Financial Data,Somewhat easy,Difficult,Somewhat agree,"No, I would not enrol in the course at all",In the regular session in May/June,2.0,5.0,2.0,0.0
R_8q89IMg6yamZBxj,Foundation of Social Sciences - Module II A,Easy,Easy,Strongly agree,,In August,1.0,1.0,1.0,
R_2vClOyaNTxkXRdf,Development Economics,Somewhat easy,Somewhat difficult,Somewhat disagree,"Yes, I would enrol again",In the regular session in May/June,2.0,4.0,4.0,1.0
R_2vClOyaNTxkXRdf,Economics of Digital Markets,Somewhat difficult,Somewhat easy,Somewhat disagree,"No, I would not enrol in the course at all",In the regular session in May/June,4.0,2.0,4.0,0.0
R_2vClOyaNTxkXRdf,Foundation of Social Sciences - Module II B,Somewhat easy,Somewhat easy,Strongly agree,,In the regular session in May/June,2.0,2.0,1.0,
R_8DrzLkbYUle80Dv,Microeconometrics,Somewhat difficult,Difficult,Somewhat agree,"Yes, I would enrol again",In August,4.0,5.0,2.0,1.0
R_8DrzLkbYUle80Dv,Monetary Policy,Somewhat difficult,Difficult,Neither agree nor disagree,"Yes, I would enrol again",,4.0,5.0,3.0,1.0
R_8DrzLkbYUle80Dv,Time Series Analysis of Economic and Financial Data,Somewhat difficult,Neither easy nor difficult,Somewhat agree,"Yes, I would enrol again",In the regular session in May/June,4.0,3.0,2.0,1.0
R_8DrzLkbYUle80Dv,Foundation of Social Sciences - Module II B,Somewhat easy,Neither easy nor difficult,Strongly agree,,In the regular session in May/June,2.0,3.0,1.0,
R_8Y63C8n5fLfd5Fo,Development Economics,Somewhat easy,Difficult,Strongly disagree,"No, I would not enrol in the course at all",,2.0,5.0,5.0,0.0
R_8Y63C8n5fLfd5Fo,Public Economics,Somewhat easy,Neither easy nor difficult,Somewhat agree,"Yes, I would enrol again",In the regular session in May/June,2.0,3.0,2.0,1.0
R_8Y63C8n5fLfd5Fo,"History, Institutions and Crises of the Financial Global System",Somewhat easy,Somewhat easy,Strongly agree,"Yes, I would enrol again",In the regular session in May/June,2.0,2.0,1.0,1.0
R_8Y63C8n5fLfd5Fo,Foundation of Social Sciences - Module II A,Easy,Easy,Strongly agree,,In the regular session in May/June,1.0,1.0,1.0,
R_2QsIfp75i0QC55I,Innovation and Economic Growth,Neither easy nor difficult,Somewhat difficult,Somewhat disagree,"Yes, I would enrol again",In the regular session in May/June,3.0,4.0,4.0,1.0
R_2QsIfp75i0QC55I,Time Series Analysis of Economic and Financial Data,Neither easy nor difficult,Neither easy nor difficult,Strongly agree,"Yes, I would enrol again",In the regular session in May/June,3.0,3.0,1.0,1.0
R_2QsIfp75i0QC55I,Foundation of Social Sciences - Module II A,Somewhat easy,Neither easy nor difficult,Somewhat agree,,In the regular session in May/June,2.0,3.0,2.0,
R_8iwKV4Ev2qGvJB0,Advanced Microeconomics,Difficult,,,"No, I would not enrol in the course at all",,5.0,,,0.0
R_8iwKV4Ev2qGvJB0,Development Economics,Neither easy nor difficult,Somewhat easy,Strongly agree,"Yes, I would enrol again",In the regular session in May/June,3.0,2.0,1.0,1.0
R_8iwKV4Ev2qGvJB0,International Trade and Globalization,Somewhat difficult,Difficult,Somewhat agree,"Yes, I would enrol again",In August,4.0,5.0,2.0,1.0
R_8iwKV4Ev2qGvJB0,Foundation of Social Sciences - Module II A,Neither easy nor difficult,Easy,Somewhat disagree,,In the regular session in May/June,3.0,1.0,4.0,
R_2k5PMp4It18zjLT,Advanced Microeconomics,Difficult,Difficult,Somewhat agree,"No, but I would enrol in the second year",,5.0,5.0,2.0,0.0
R_2k5PMp4It18zjLT,Microeconometrics,Easy,Easy,Strongly agree,"Yes, I would enrol again",In the regular session in May/June,1.0,1.0,1.0,1.0
R_2k5PMp4It18zjLT,Labour Economics,Neither easy nor difficult,Somewhat difficult,Somewhat agree,"Yes, I would enrol again",In August,3.0,4.0,2.0,1.0
R_2koghJEpWuTVLoq,Microeconometrics,Difficult,Difficult,Somewhat disagree,"Yes, I would enrol again",In the regular session in May/June,5.0,5.0,4.0,1.0
R_2koghJEpWuTVLoq,Empirical Industrial Organization and Market Design,Somewhat difficult,Neither easy nor difficult,,"Yes, I would enrol again",,4.0,3.0,,1.0
R_868W4hiw3tMUgvq,Foundation of Social Sciences - Module II A,Somewhat easy,Easy,Strongly agree,,In the regular session in May/June,2.0,1.0,1.0,
R_2Kdlhuwn2VZigXe,Development Economics,Somewhat difficult,Somewhat difficult,Somewhat agree,"Yes, I would enrol again",In the regular session in May/June,4.0,4.0,2.0,1.0
R_2Kdlhuwn2VZigXe,Comparative Politics: Institutions and Institutional Development,Somewhat easy,Easy,Strongly agree,"Yes, I would enrol again",In the regular session in May/June,2.0,1.0,1.0,1.0
R_2Kdlhuwn2VZigXe,Foundation of Social Sciences - Module II A,Easy,Easy,Strongly agree,,In the regular session in May/June,1.0,1.0,1.0,
R_23TJn3tsEGIdX6p,Microeconometrics,Somewhat difficult,Somewhat difficult,Somewhat disagree,"Yes, I would enrol again",In the regular session in May/June,4.0,4.0,4.0,1.0
R_23TJn3tsEGIdX6p,International Macroeconomics and Finance,Somewhat difficult,Somewhat difficult,Strongly agree,"No, but I would enrol in the second year",In the regular session in May/June,4.0,4.0,1.0,0.0
R_23TJn3tsEGIdX6p,"Globalization, Divergence, and Inequality in Historical Perspective",Neither easy nor difficult,Neither easy nor difficult,Strongly agree,"Yes, I would enrol again",In August,3.0,3.0,1.0,1.0
R_23TJn3tsEGIdX6p,Foundation of Social Sciences - Module II B,Neither easy nor difficult,Somewhat easy,Somewhat disagree,,In August,3.0,2.0,4.0,
R_87PaqyR24WJMyG4,Microeconometrics,Somewhat difficult,Somewhat difficult,Strongly disagree,"Yes, I would enrol again",In the regular session in May/June,4.0,4.0,5.0,1.0
